DoB,DoT,SEX,BMI,BP,TC,BGU,FDR,Target,Age,Risk,Risk%,FHRisk,CombRisk
1987-05-12,2024-08-20,-1,0.6137931034482759,0.6705882352941176,7.0,0.6,0,258.0,37,22.71034482758621,0.4,0.15,0.21
1959-07-25,2024-11-15,-1,0.393103448275862,0.7647058823529411,6.0,0.8705882352941177,1,281.0,65,25.551724137931032,0.45,0.38,0.33
2000-03-04,2024-04-26,-1,0.2655172413793103,0.3764705882352941,2.0,0.3294117647058823,0,99.0,24,6.372413793103448,0.11,0.15,0.16
1976-04-02,2024-07-14,-1,0.5689655172413793,0.8941176470588236,4.0,0.6588235294117647,0,270.0,48,27.310344827586206,0.48,0.15,0.22
1983-04-18,2024-08-17,-1,0.2482758620689654,0.0823529411764705,3.0,0.4588235294117647,2,77.0,41,10.17931034482758,0.18,0.62,0.26
1995-10-24,2024-11-26,-1,0.4482758620689655,0.3294117647058823,2.0,0.388235294117647,1,61.0,29,13.0,0.23,0.38,0.24
1971-07-23,2024-10-01,-1,0.5448275862068965,0.6667058823529411,3.15,0.4117647058823529,0,52.0,53,28.87586206896552,0.51,0.15,0.23
1963-09-26,2024-12-22,-1,0.4,0.5411764705882353,3.0,0.4470588235294118,2,214.0,61,24.4,0.43,0.62,0.45
2002-05-15,2024-05-06,-1,0.1931034482758621,0.4941176470588235,2.0,0.388235294117647,2,101.0,22,4.248275862068966,0.07,0.62,0.18
1995-05-11,2024-09-02,-1,0.7586206896551724,0.5097647058823529,4.08,0.4823529411764706,1,200.0,29,22.0,0.39,0.38,0.31
1967-02-18,2024-02-12,-1,0.396551724137931,0.4470588235294118,3.0,0.4823529411764706,0,148.0,57,22.603448275862068,0.4,0.15,0.21
1993-03-15,2024-04-13,-1,0.5758620689655172,0.388235294117647,4.0,0.3294117647058823,1,184.0,31,17.851724137931033,0.31,0.38,0.28
1982-11-23,2024-12-16,-1,0.2517241379310345,0.188235294117647,2.0,0.3647058823529411,1,59.0,42,10.572413793103449,0.19,0.38,0.22
1955-01-18,2024-01-14,-1,0.5620689655172414,0.8117647058823529,4.0,0.611764705882353,2,296.0,69,38.782758620689656,0.68,0.62,0.62
1955-07-22,2024-11-23,-1,0.5206896551724138,0.6823529411764706,4.0,0.3176470588235294,1,248.0,69,35.92758620689656,0.63,0.38,0.41
1972-01-24,2024-02-12,-1,0.4827586206896552,0.2744705882352941,3.05,0.2235294117647059,0,182.0,52,25.10344827586207,0.44,0.15,0.22
1989-06-09,2024-06-19,-1,0.2551724137931034,0.1176470588235294,2.79,0.3294117647058823,1,96.0,35,8.93103448275862,0.16,0.38,0.21
1983-07-11,2024-12-25,-1,0.7448275862068966,0.3803529411764705,5.0,0.7058823529411765,1,279.0,41,30.53793103448276,0.53,0.38,0.37
1991-03-06,2024-04-24,-1,0.7586206896551724,0.4,4.76,0.6,0,128.0,33,25.034482758620687,0.44,0.15,0.22
1975-05-22,2024-06-24,-1,0.2517241379310345,0.4470588235294118,3.0,0.5058823529411764,1,153.0,49,12.33448275862069,0.22,0.38,0.23
1973-06-25,2024-06-23,-1,0.6379310344827587,0.4470588235294118,4.7,0.788235294117647,0,173.0,51,32.53448275862069,0.57,0.15,0.24
1989-03-18,2024-03-08,-1,0.2793103448275862,0.3176470588235294,3.0,0.5294117647058824,0,68.0,35,9.775862068965518,0.17,0.15,0.17
1982-09-08,2024-11-04,-1,0.4103448275862068,0.4235294117647059,5.0,0.4588235294117647,0,151.0,42,17.234482758620686,0.3,0.15,0.18
1957-02-17,2024-03-21,-1,0.6413793103448276,0.7176470588235294,4.0,0.5882352941176471,1,303.0,67,42.97241379310345,0.75,0.38,0.47
1983-06-09,2024-10-26,-1,0.7172413793103447,0.8038823529411765,4.16,0.5882352941176471,2,257.0,41,29.40689655172413,0.51,0.62,0.51
1984-05-02,2024-05-08,-1,0.6103448275862069,0.5176470588235295,4.0,0.4117647058823529,2,99.0,40,24.41379310344828,0.43,0.62,0.45
1957-09-13,2024-11-11,-1,0.4724137931034483,0.5882352941176471,3.0,0.5411764705882353,0,73.0,67,31.651724137931037,0.55,0.15,0.23
1999-06-10,2024-09-07,-1,0.4482758620689655,0.4352941176470588,3.0,0.4470588235294118,2,68.0,25,11.20689655172414,0.2,0.62,0.28
1996-04-17,2024-04-07,-1,0.3862068965517241,0.4470588235294118,3.0,0.4,2,144.0,28,10.813793103448274,0.19,0.62,0.28
1973-03-16,2024-04-27,-1,0.3620689655172414,0.5411764705882353,4.0,0.5176470588235295,2,154.0,51,18.46551724137931,0.32,0.62,0.37
1964-05-13,2024-07-19,-1,0.3172413793103448,0.5843529411764706,3.68,0.5058823529411764,0,90.0,60,19.034482758620687,0.33,0.15,0.2
1980-09-18,2024-10-08,-1,0.6344827586206896,0.7058823529411765,3.0,0.4588235294117647,1,293.0,44,27.91724137931034,0.49,0.38,0.36
1973-04-20,2024-04-21,-1,0.3827586206896552,0.3764705882352941,4.0,0.5058823529411764,0,84.0,51,19.52068965517241,0.34,0.15,0.2
1978-04-22,2024-05-19,-1,0.2620689655172414,0.2117647058823529,3.0,0.3529411764705882,0,53.0,46,12.055172413793104,0.21,0.15,0.17
1990-07-22,2024-09-23,-1,0.5586206896551724,0.2117647058823529,4.0,0.4823529411764706,1,172.0,34,18.99310344827586,0.33,0.38,0.29
1979-04-19,2024-05-12,-1,0.3862068965517241,0.3294117647058823,4.0,0.3764705882352941,2,64.0,45,17.379310344827584,0.3,0.62,0.36
1964-07-01,2024-08-18,-1,0.4379310344827586,0.5647058823529412,2.0,0.5529411764705883,0,182.0,60,26.27586206896552,0.46,0.15,0.22
1970-09-21,2024-11-23,-1,0.3862068965517241,0.2235294117647059,2.0,0.6941176470588235,2,92.0,54,20.8551724137931,0.37,0.62,0.4
2002-05-13,2024-07-20,-1,0.3448275862068966,0.2117647058823529,3.0,0.4823529411764706,0,200.0,22,7.586206896551724,0.13,0.15,0.16
1966-05-01,2024-10-25,-1,0.4379310344827586,0.5176470588235295,3.0,0.5058823529411764,1,155.0,58,25.4,0.44,0.38,0.33
1985-06-03,2024-10-02,-1,0.3413793103448275,0.2588235294117647,4.0,0.2823529411764706,2,128.0,39,13.313793103448273,0.23,0.62,0.3
1971-05-02,2024-05-26,-1,0.5275862068965518,0.5411764705882353,4.0,0.6,2,281.0,53,27.962068965517243,0.49,0.62,0.48
1987-08-18,2024-09-20,-1,0.3551724137931035,0.388235294117647,3.4,0.3764705882352941,2,94.0,37,13.14137931034483,0.23,0.62,0.3
1962-05-28,2024-09-27,-1,0.3241379310344827,0.2823529411764706,4.0,0.3058823529411765,0,64.0,62,20.096551724137928,0.35,0.15,0.2
1981-03-11,2024-03-08,-1,0.1896551724137931,0.3764705882352941,2.67,0.3529411764705882,2,90.0,43,8.155172413793103,0.14,0.62,0.24
1956-04-26,2024-04-28,-1,0.4448275862068965,0.4470588235294118,5.0,0.5647058823529412,1,230.0,68,30.24827586206896,0.53,0.38,0.37
1962-08-26,2024-10-23,-1,0.6551724137931034,0.388235294117647,4.0,0.5882352941176471,0,132.0,62,40.62068965517241,0.71,0.15,0.26
2001-05-14,2024-09-26,-1,0.3310344827586207,0.4,2.0,0.2117647058823529,2,97.0,23,7.613793103448276,0.13,0.62,0.23
1979-05-12,2024-05-02,-1,0.2517241379310345,0.2274117647058823,3.88,0.3411764705882353,1,96.0,45,11.327586206896552,0.2,0.38,0.23
1963-01-08,2024-01-10,-1,0.3793103448275862,0.4235294117647059,3.0,0.2705882352941176,1,118.0,61,23.13793103448276,0.41,0.38,0.32
1975-03-21,2024-03-16,-1,0.3344827586206896,0.1215294117647058,2.71,0.1176470588235294,0,65.0,49,16.38965517241379,0.29,0.15,0.18
1961-03-15,2024-03-18,-1,0.393103448275862,0.2117647058823529,3.0,0.3294117647058823,1,131.0,63,24.765517241379307,0.43,0.38,0.32
2001-06-21,2024-07-20,-1,0.2,0.2705882352941176,2.0,0.4235294117647059,2,85.0,23,4.6000000000000005,0.08,0.62,0.2
1980-07-26,2024-10-18,-1,0.4275862068965517,0.4705882352941176,3.0,0.388235294117647,0,25.0,44,18.81379310344828,0.33,0.15,0.2
1968-03-11,2024-04-15,-1,0.4379310344827586,0.2941176470588235,4.0,0.5294117647058824,1,95.0,56,24.52413793103448,0.43,0.38,0.32
1980-03-13,2024-03-25,-1,0.3482758620689655,0.3764705882352941,3.0,0.2588235294117647,2,52.0,44,15.324137931034482,0.27,0.62,0.33
1976-01-18,2024-01-21,-1,0.6344827586206896,0.2391764705882352,6.37,0.6235294117647059,1,192.0,48,30.4551724137931,0.53,0.38,0.37
1958-04-18,2024-07-25,-1,0.5172413793103449,0.5411764705882353,5.0,0.5176470588235295,2,173.0,66,34.13793103448276,0.6,0.62,0.56
1971-06-07,2024-06-23,-1,0.3689655172413792,0.4352941176470588,3.0,0.3647058823529411,2,179.0,53,19.5551724137931,0.34,0.62,0.38
